ID,title
51000,Sonic Adventure
51001,Virtua Fighter 3tb
51002,The House of the Dead 2
51003,NFL 2K
51004,NBA 2K
51006,Sega Bass Fishing
51007,Flag to Flag
51010,Rippin' Riders
51011,Time Stalkers
51012,MSR: Metropolis Street Racer
51013,Dynamite Cop!
51019,Sega Rally 2
51020,Toy Commander
51025,NHL 2K
51027,Web Browser
51028,Virtua Striker 2
51030,F1 World Grand Prix
51033,Ecco the Dolphin: Defender of the Future
51034,Generator Vol. 1
51035,Crazy Taxi
51036,D2 (Disc 4)
51037,Daytona USA
51038,Zombie Revenge
51048,Seaman
51049,ChuChu Rocket!
51050,Maken X
51051,Space Channel 5
51052,Skies of Arcadia (Disc 2)
51054,Virtua Tennis
51055,World Series Baseball 2K1
51056,Web Browser 2.0
51057,Generator Vol. 2
51058,Jet Grind Radio
51059,Shenmue (Disc 3)
51060,Sonic Shuffle
51061,Quake III: Arena
51062,NFL 2K1
51063,NBA 2K1
51064,18 Wheeler: American Pro Trucker
51065,Bomberman Online
51084,Jet Grind Radio
51092,Samba de Amigo
51096,Sega Marine Fishing
51100,Sonic Adventure 2: The Trial
51102,Outtrigger
51114,Floigan Bros.: Episode 1
51117,Sonic Adventure 2
51128,Web Browser 2.0 with SegaNet
51131,Shenmue (Disc 1)
51136,Crazy Taxi 2
51140,Ooga Booga
51142,Web Browser 2.62
51144,The Typing of the Dead
51146,Sega Smash Pack: Volume 1
51152,World Series Baseball 2K2
51160,Confidential Mission
51166,Sega Bass Fishing 2
51168,NFL 2K2
51171,Alien Front Online
51176,NCAA College Football 2K2: Road to the Rose Bowl
51178,NBA 2K2
51182,NHL 2K2
51186,Tennis 2K2
51193,Phantasy Star Online Ver. 2
610-7000,Dream Passport
610-7027-00,Dream Preview Vol. 0
610-7027-01,Dream Preview Vol. 1
610-7027-02,Dream Preview Vol. 2
610-7027-03,Dream Preview Vol. 3
610-7027-05,Dream Preview Vol. 5
610-7027-06,Dream Preview Vol. 6
610-7027-07,Dream Preview Vol. 7
610-7027-08,Dream Preview Vol. 8
610-7038,PenPen TriIcelon
610-7039,Shinki Sekai Evolution
610-7055,Dream Passport Ver.1.01
610-7057,Dream Passport for Toyota
610-7102,PenPen TriIcelon
610-7103,Sengoku Turb
610-7106,Aero Dancing featuring Blue Impulse
610-7109,Puyo Puyoon
610-7110-01,Dreamcast Express Vol. 1
610-7110-02,Dreamcast Express Vol. 2
610-7110-03,Dreamcast Express Vol. 3
610-7110-04,Dreamcast Express Vol. 4 (Disc 2) (Tokyo Game Show '99 Autumn: Special Disk)
610-7110-05,Dreamcast Express Vol. 5 (Disc 2) (Movie Disk)
610-7110-06,Dreamcast Express Vol. 6 (Disc 2) (Trial & Movie Disk)
610-7110-07,Dreamcast Express Vol. 7 (Disc 2) (Trial & Movie Disk)
610-7112,Psychic Force 2012
610-7115,Power Stone
610-7117,Microsoft WebTV Setsuzoku Kit
610-7118,The House of the Dead 2
610-7119,Get Bass
610-7121,Marvel vs. Capcom: Clash of Super Heroes
610-7123,Frame Gride: Test Operation Disc
610-7124,Dreamcast Promotion Disk
610-7132,Morita no Saikyou Reversi
610-7134,Shutokou Battle
610-7146,Dynamite Deka 2
610-7150,Dynamite Deka 2
610-7158,Climax Landers: Motte ke! Minige Campaign
610-7159,Pro Yakyuu Team o Tamesou!
610-7160,Gundam Side Story 0079: Rise from the Ashes: Premium Disc
610-7161,Street Fighter Zero 3: Saikyo-ryu Dojo
610-7164,Dorimaga GD Vol. 1
610-7164-02,Dorimaga GD Vol. 2 (Disc 1)
610-7164-03,Dorimaga GD Vol. 2 (Disc 2)
610-7164-04,Dorimaga GD Vol. 3
610-7164-05,Dorimaga GD Vol. 4
610-7164-06,Dorimaga GD Vol. 5
610-7164-07,Dorimaga GD Vol. 6
610-7164-08,Dorimaga GD Vol. 7
610-7164-09,Dorimaga GD Vol. 8
610-7164-10,Dorimaga GD Vol. 9
610-7164-11,Dorimaga GD Vol. 10
610-7164-12,Dorimaga GD Vol. 11
610-7164-13,Dorimaga GD Vol. 12
610-7173,Soulcalibur
610-7174,Cool Boarders Burrrn!
610-7175,Soulcalibur
610-7179,What's Shenmue: Yukawa (Moto) Senmu o Sagase
610-7180,Dream Passport 2
610-7181,Star Gladiator 2: Nightmare of Bilstein
610-7183,Kidou Senkan Nadesico: Nadesico the Mission: Special Disc
610-7185,Espion-Age-nts
610-7186,Maboroshi Tsukiyo
610-7187,Atsumare! Guru Guru Onsen
610-7349,Hello Kitty no Dream Passport 2
610-7350,Pro Yakyuu Team de Asobou!
610-7351,Atsumare! Guru Guru Onsen
610-7353,Zombie Revenge
610-7357,Jojo no Kimyou na Bouken: Mirai e no Isan
610-7358,GigaWing
610-7368,Space Channel 5
610-7369,Dengen Tenshi Taisen Mahjong Shangri-La: Super Premium Movie Disc
610-7370,Berserk: Millennium Falcon-hen: Wasurebana no Shou
610-7375,What's Shenmue: Yukawa (Moto) Senmu o Sagase
610-7381,Hello Kitty no Garden Panic
610-7383,J.League Pro Soccer Club o Tsukurou! Tokusei o Tanoshimi File Download Disc
610-7384,Chu-Chu Rocket!
610-7385,Pro Yakyuu Team de Asobou!
610-7386,Super Magnetic Niuniu: Promotion Disc
610-7390,Microsoft WebTV Setsuzoku Kit
610-7391,Microsoft WebTV Setsuzoku Kit
610-7392,Generator Vol. 1
610-7709,Dreamcast Express Extra
610-7724,Biohazard: Code: Veronica
610-7726,R7: Regulation #7
610-7727,Sega GT: Homologation Special
610-7740,Aero Dancing F
610-7747,Seireiki Rayblade
610-7749,Sentimental Graffiti 2: Third Window
610-7762,SegaKara for Dreamcast
610-7801,Visual Park
610-7803,Super Runabout
610-7804,Seaman Esa Disc: Kimos Shu no Youchuu Hojuu Kit
610-7807,Marvel vs. Capcom 2: New Age of Heroes
610-7808,Power Stone 2
610-7810,Eternal Arcadia: Kuuzokuban
610-7816,Record of Lodoss War: The Advent of Cardice
610-7819,Dream Passport 3
610-7846,Zusar Vasar
610-7851,Dream Passport 3
610-7875,Dabi Tsuku: Derby-ba o Tsukurou!
610-7877,Cool Cool Toon
610-7878,Grandia II
610-7883,Broadband Passport
610-7894,Dream Passport 3: Urban Style
610-7899,F355 Challenge
610-7913,Dead or Alive 2
610-7917,Capcom vs. SNK: Millennium Fight 2000
610-7918,Eternal Arcadia
610-7922,F1 World Grand Prix II for Dreamcast
610-7933,Tricolore Crise: Art Palette
610-7937,Guilty Gear X
610-7958,Power Smash: Sega Professional Tennis
610-7961,Macross M3
610-7970,Moero! Justice Gakuen
610-7973,Power Smash: Sega Professional Tennis
610-7978,Phantasy Star Online
610-7982,Gunspike
610-7990,Phantasy Star Online
610-7992,GigaWing 2
610-7993,Imakoso!! Dreamcast with Special GD!!
610-7994-50,Sonic Adventure 2: The Trial
610-7996,Sakura Taisen Dream Passport 3
610-8017,Aero to Jet de Dancing! (Taikenban Disc)
610-8018,AM2 of CRI 2001 New Lineup Movie Collection
610-8022,Sakura Taisen 3: Paris wa Moeteiru ka
610-8039,Gundam Battle Online: Trial Edition
610-8057,Sonic Adventure 2
610-8061,Dream Passport Premier
610-8086,Capcom Taisen Fan Disc
610-8087,Virtua Fighter History/VF4
610-8088,Virtua Fighter 4 Passport: VF.NET
610-8092,Power Smash 2: Sega Professional Tennis
610-8094,Dreamcast VM Data-shuu
610-8099,Yu Suzuki Game Works Vol. 1
610-8333,Sakura Taisen 4: Koi seyo Otome
610-8395,"Chocolat: Maid Cafe ""Curio"""
670-13613C,Dreamcast System-Disc 2
673-01243,Dreamkey
673-02117,Dreamkey
673-02290,Daytona USA 2001
673-02830,Crazy Taxi 2
830-0011-50,Dreamon Volume 5
830-0052-50,NFL Blitz 2000
830-0067-50,Soul Fighter
830-0083-05,Fighting Force 2
830-0084-50,Worms Armageddon
830-0103-05,Tomb Raider: The Last Revelation
830-0142-50,Midway's Greatest Arcade Hits: Volume 1
830-0143-50,Gauntlet Legends
830-0151-50,The Grinch
830-0172-50,WWF Royal Rumble
830-0174-50,F355 Challenge: Passione Rossa
830-0215-50,Star Wars: Demolition
830-0223-50,SnoCross Championship Racing
832-0001-50,Dreamon Volume 2
832-0002-05,Dreamkey
832-0006-71,Dreamon Volume 3
832-0011-50,Dreamon Volume 4
832-0012-50,Dreamon Volume 5
832-0015-50,Dreamon Volume 6
832-0017-50,Dreamon Volume 7
832-0019-50,Dreamon Volume 8
832-0021-50,Dreamon Collection 2
832-0022-05,Dreamkey Version 1.5
832-0022-06,Dreamkey Version 1.5
832-0022-09,Dreamkey Version 1.5
832-0023-50,Dreamon Volume 9
832-0025-50,Dreamon Volume 7 & 8
832-0026-50,Dreamon Collection 3
832-0027-50,Dreamon Volume 10
832-0028-50,Dreamon Volume 10
832-0031-09,Dreamon Volume 10
832-0032-50,Dreamon Volume 11
832-0035-50,Dreamon Volume 12
832-0038-50,Dreamon Volume 13
832-0040-50,Dreamon Collection 4
832-0043-50,Dreamon Volume 14
832-0045-46,Dreamkey Version 2.0
832-0046-46,Dreamkey Versão 2.0
832-0047-50,Dreamon Volume 15
832-0051-50,Dreamon Volume 16
832-0053-50,Dreamkey Version 2.0
832-0054-50,Dreamon Volume 17
832-0056-50,Dreamon Volume 18
832-0060-50,Dreamon Volume 19
832-0062-50,Dreamon Volume 20
832-0064-50,Dreamon Volume 21
832-0066-50,Dreamon Volume 22
832-0068-50,Dreamkey 3.0
832-0069-06,Dreamkey 3.1
832-0069-46,Dreamkey 3.1
833-0002-50,Dreamon Volume 1
833-0003-05,Dreamkey
833-0004-09,Dreamkey
833-0012-50,Dreamon Volume 6
833-0015-50,Dreamon Volume 8
833-0018-09,Dreamkey Version 1.5
833-0019-50,Dreamon Volume 9
833-0021-50,Dreamon Collection 2
833-0022-50,Dreamon Collection 3
833-0026-09,Dreamon Volume 10
833-0027-50,Dreamon Volume 11
833-0029-50,Dreamon Volume 13
833-0030-50,Dreamon Collection 4
833-0036-50,Dreamon Volume 15
833-0038-50,Dreamon Volume 16
833-0041-50,Dreamon Volume 17
833-0046-50,Dreamon Volume 20
950-0017-50,F1 World Grand Prix
950-0037-50,Rayman 2: The Great Escape
950-0064-09,Resident Evil: Code: Veronica (Disc 2)
950-0103-50,Sega GT
952-0007-50,Sega Worldwide Soccer 2000
952-0025-50,Virtua Striker 2 Ver. 2000.1
952-0032-50,Red Dog: Superior Firepower
952-0036-50,NBA 2K
952-0038-05,Legacy of Kain: Soul Reaver
952-0042-50,MSR: Metropolis Street Racer
952-0044-50,ChuChu Rocket!
952-0052-50,Dead or Alive 2
952-0058-05,Sword of the Berserk: Guts' Rage
952-0063-50,4 Wheel Thunder
952-0069-50,Virtua Tennis: Sega Professional Tennis
952-0075-50,Virtua Tennis: Sega Professional Tennis
952-0080-50,Rush 2049
952-0081-50,MSR Opel Challenge
952-0083-50,Space Channel 5
952-0099-50,Ready 2 Rumble Boxing: Round 2
952-0100-50,Kao the Kangaroo
952-0102-50,Shenmue (Disc 3)
952-0103-50,Le Mans 24 Hours
952-0121-50,Super Runabout: San Francisco Edition
952-0124-50,Surf Rocket Racers
952-0133-50,Grandia II
952-0135-50,Fighting Vipers 2
952-0143-50,Giant Killers
952-0144-50,Championship Surfer
952-0149-50,European Super League
952-0152-50,Confidential Mission
952-0168-50,Virtua Tennis 2: Sega Professional Tennis
952-0174-50,The Flintstones: Viva Rock Vegas
952-0176-50,Phantasy Star Online Ver. 2
BB-0001,Xeno Crisis
D-0007-50,Resident Evil: Code: Veronica
D-0008-50,Fur Fighters
D-0009-50,Fur Fighters + Dead or Alive 2
DC-GameShark-CDX:-I-20802,GameShark CDX
DXJC-1,Dux Version 1.5
FSCA-10113,D2: Original Sound Track (Disc 2) (MilCD)
FSRE2-DC,Fast Striker Ver. 1.5
G-20811,Cheats 'N Codes Volume 1
G-20812SM,DC-IE Import Enabler
G-20821SM,GameShark Lite Version 4.0
HDR-0001,Sonic Adventure
HDR-0002,Virtua Fighter 3tb
HDR-0003,Blue Stinger
HDR-0004,Godzilla Generations
HDR-0005,Giant Gram: Zen Nihon Pro Wres 2 in Nihon Budoukan
HDR-0006,Nettou Golf
HDR-0007,The House of the Dead 2
HDR-0009,Climax Landers
HDR-0010,Sega Rally 2
HDR-0011,The House of the Dead 2
HDR-0013,Super Speed Racing
HDR-0014,Puyo Puyoon
HDR-0015,Atsumare! Guru Guru Onsen
HDR-0016,Shenmue: Ichishou Yokosuka (Disc 3)
HDR-0017,Virtua Fighter 3tb
HDR-0019,Akihabara Dennou-gumi Pata Pies!
HDR-0020,Dynamite Deka 2
HDR-0021,Chou Hatsumei Boy Kanipan: Bousou Robot no Nazo!?
HDR-0022,Pro Yakyuu Team o Tsukurou!
HDR-0023,Get Bass
HDR-0025,Yukawa Moto Senmu no Otakara Sagashi
HDR-0026,Zombie Revenge
HDR-0027,Pro Yakyuu Team de Asobou!
HDR-0028,J.League Pro Soccer Club o Tsukurou!
HDR-0029,Space Channel 5
HDR-0031,Shenmue: Ichishou Yokosuka (Disc 3)
HDR-0033,Grauen no Torikago: Kapitel 1: Keiyaku
HDR-0034,Grauen no Torikago: Kapitel 2: Torikago
HDR-0035,Grauen no Torikago: Kapitel 3: Kansei
HDR-0036,Grauen no Torikago: Kapitel 4: Kaikou
HDR-0037,Grauen no Torikago: Kapitel 5: Shokuzai
HDR-0038,Grauen no Torikago: Kapitel 6: Senritsu
HDR-0039,Chu-Chu Rocket!
HDR-0040,Dennou Senki: Virtual-On: Oratorio Tangram
HDR-0042,DreamFlyer
HDR-0043,Sonic Adventure International
HDR-0044,Roommania #203
HDR-0045,Virtua Striker 2 Ver. 2000.1
HDR-0046,Sakura Taisen: Hanagumi Taisen Columns 2
HDR-0047,Godzilla Generations: Maximum Impact
HDR-0050,Gakkyuu-ou Yamazaki: Yamazaki Oukoku Daifunsou!
HDR-0051,Ready 2 Rumble Boxing: Uchikome Warai no Megaton Punch!!
HDR-0052,Totsugeki! Teketeke!! Toy Ranger
HDR-0053,Crazy Taxi
HDR-0054,Sega GT: Homologation Special
HDR-0055,Hello Kitty no Lovely Fruit Park
HDR-0057,"Oogami Ichirou Funtou-ki: Sakura Taisen Kayou Show ""Beni Tokage"" yori (Disc 2)"
HDR-0058,NFL 2K
HDR-0061,Virtua Cop 2
HDR-0063,Samba de Amigo
HDR-0064,Kiteretsu Boy's Gangagan
HDR-0065,Hello Kitty no Otonaru Mail
HDR-0066,Advanced Daisenryaku: Sturm über Europa: Der Deutsche Blitzkrieg
HDR-0067,The Typing of the Dead
HDR-0069,NBA 2K
HDR-0070,Hello Kitty no Magical Block
HDR-0071,Get!! Colonies
HDR-0073,Sega Tetris
HDR-0074,Rent a Hero No.1
HDR-0075,Ao no 6-gou: Saigetsu Hito o Matazu: Time and Tide
HDR-0076,Eternal Arcadia (Disc 2)
HDR-0078,Jet Set Radio
HDR-0079,Napple Tale: Arsia in Daydream
HDR-0080,18 Wheeler: American Pro Trucker
HDR-0081,Virtua Athlete 2K
HDR-0082,Sakura Taisen 3: Les Chattes Noires
HDR-0083,SGGG: Segagaga
HDR-0084,Dabi Tsuku: Derby-ba o Tsukurou!
HDR-0089,Sakura Taisen (Disc 2)
HDR-0090,Hello Kitty no Waku Waku Cookies
HDR-0091,Pro Yakyuu Team de Asobou Net!
HDR-0092,Motto Pro Yakyuu Team o Tsukurou!
HDR-0100,F355 Challenge
HDR-0101,Giant Gram 2000: Zen Nihon Pro Wres 3 Eikou no Yuusha-tachi
HDR-0102,Love Hina: Totsuzen no Engage Happening
HDR-0103,Ecco the Dolphin: Defender of the Future
HDR-0104,Sega Marine Fishing
HDR-0105,Quiz Aa Megami-sama: Tatakau Tsubasa to Tomoni
HDR-0106,Daytona USA 2001
HDR-0108,Sakura Taisen 3: Les Chattes Noires
HDR-0109,Eternal Arcadia (Disc 2)
HDR-0112,Love Hina: Totsuzen no Engage Happening
HDR-0113,Power Smash: Sega Professional Tennis
HDR-0114,Dreamstud!o
HDR-0115,Cardcaptor Sakura: Tomoyo no Video Daisakusen
HDR-0116,Magic: The Gathering
HDR-0118,Outtrigger
HDR-0119,Eternal Arcadia (Disc 2)
HDR-0121,Atsumare! Guru Guru Onsen BB
HDR-0123,Quiz Aa Megami-sama: Tatakau Tsubasa to Tomoni
HDR-0124,Hundred Swords
HDR-0125,Sonic Shuffle
HDR-0126,Saka Tsuku Tokudai-gou: J.League Pro Soccer Club o Tsukurou!
HDR-0127,Hundred Swords
HDR-0128,De La Jet Set Radio
HDR-0129,Sonic Adventure 2: The Trial
HDR-0131,Samba de Amigo Ver. 2000
HDR-0132,Cardcaptor Sakura: Tomoyo no Video Daisakusen
HDR-0133,Fighting Vipers 2
HDR-0136,Sakura Taisen Kinematron Hanagumi Mail
HDR-0139,Love Hina: Smile Again
HDR-0140,Space Channel 5
HDR-0141,NFL 2K
HDR-0144,NFL 2K1
HDR-0146,Sega Extreme Sports
HDR-0147,Sakura Taisen 3: Paris wa Moeteiru ka (Disc 3)
HDR-0148,Sakura Taisen 3: Paris wa Moeteiru ka (Disc 3)
HDR-0149,Le Mans 24 Hours
HDR-0150,NBA 2K1
HDR-0151,SGGG: Segagaga
HDR-0152,Sakura Taisen 3: Paris wa Moeteiru ka (Disc 3)
HDR-0153,Sports Jam
HDR-0154,J.League Spectacle Soccer
HDR-0156,US Shenmue (Disc 3)
HDR-0157,World Series Baseball 2K1
HDR-0158,Advanced Daisenryaku 2001
HDR-0159,Crazy Taxi 2
HDR-0160,Confidential Mission
HDR-0163,Phantasy Star Online Ver. 2
HDR-0164,Shenmue II (Disc 4)
HDR-0165,Sonic Adventure 2
HDR-0167,Dabi Tsuku 2
HDR-0168,Guru Guru Onsen 2
HDR-0169,Get Bass 2
HDR-0171,SGGG: Segagaga
HDR-0172,Candy Stripe: Minarai Tenshi
HDR-0173,Pro Yakyuu Team o Tsukurou! & Asobou!
HDR-0176,Cosmic Smash
HDR-0177,Power Smash 2: Sega Professional Tennis
HDR-0178,Rez
HDR-0179,Shenmue II (Disc 4)
HDR-0183,Saka Tsuku Tokudai-gou 2: J.League Pro Soccer Club o Tsukurou!
HDR-0184,Sakura Taisen Online: Teito no Nagai Hibi
HDR-0185,Sakura Taisen Online: Paris no Yuuga na Hibi
HDR-0186,De La Jet Set Radio
HDR-0187,Fushigi no Dungeon: Fuurai no Shiren Gaiden: Onna Kenshi Asuka Kenzan!
HDR-0190,Space Channel 5 Part 2
HDR-0191,Sakura Taisen 4: Koi seyo Otome
HDR-0193,"Sakura Taisen 2: Kimi, Shinitamou Koto Nakare (Disc 3)"
HDR-0194,Sakura Taisen 3: Paris wa Moeteiru ka (Disc 3)
HDR-0195,Guru Guru Onsen 3
HDR-0196,NFL 2K2
HDR-0197,NBA 2K2
HDR-0198,World Series Baseball 2K2
HDR-0199,NHL 2K2
HDR-0201,Sakura Taisen 3: Paris wa Moeteiru ka: Drama Download Disc
HDR-0204,JRA PAT for Dreamcast V50 L10
HDR-0216,Puyo Puyo Fever
HDR-0217,Puyo Puyo Fever
HKT-0910,Dreamcast System-Disc 2
IGN1,Official Sega Dreamcast Magazine Vol. 2: November 1999
IGN10,Official Sega Dreamcast Magazine Vol. 10: January 2001
IGN2,Official Sega Dreamcast Magazine Vol. 3: January 2000
IGN3,Official Sega Dreamcast Magazine Vol. 4: March 2000
IGN6,Official Sega Dreamcast Magazine Vol. 6: July 2000
IGN7,Official Sega Dreamcast Magazine Vol. 7: September 2000
IGN8,Official Sega Dreamcast Magazine Vol. 8: November 2000
IGN9,Official Sega Dreamcast Magazine Vol. 9: December 2000
KRT-DCPAR2,Karat DC-you: Pro Action Replay 2
KRT-SDC01,Karat DC-you: Pro Action Replay DC PAR: Sampler: Nyuumon-hen
LHPBRE2-DC,Last Hope: Pink Bullets
MJCYX-80002,Hang the DJ
MK-51000-50,Sonic Adventure
MK-51001-50,Virtua Fighter 3tb
MK-51001-53,Virtua Fighter 3tb
MK-51002-50,The House of the Dead 2
MK-51004-53,NBA 2K
MK-51006-50,Sega Bass Fishing
MK-51010-50,Snow Surfers
MK-51011-50,Time Stalkers
MK-51013-50,Dynamite Cop
MK-51019-50,Sega Rally 2
MK-51020-50,Toy Commander
MK-51021-50,Red Dog: Superior Firepower
MK-51022-50,MSR: Metropolis Street Racer
MK-51025-50,NHL 2K
MK-51028-50,Virtua Striker 2 Ver. 2000.1
MK-51031-50,Sega Worldwide Soccer 2000
MK-51033-50,Ecco the Dolphin: Defender of the Future
MK-51035-50,Crazy Taxi
MK-51037-50,Daytona USA 2001
MK-51038-50,Zombie Revenge
MK-51041-50,Headhunter (Disc 2)
MK-51049-50,ChuChu Rocket!
MK-51050-50,Maken X
MK-51051-50,Space Channel 5
MK-51052-50,Skies of Arcadia (Disc 2)
MK-51053,Sega GT
MK-51053-50,Sega GT
MK-51054-50,Virtua Tennis: Sega Professional Tennis
MK-51058-50,Jet Set Radio
MK-51059-50,Shenmue (Disc 3)
MK-51060-50,Sonic Shuffle
MK-51061-50,Quake III: Arena
MK-51064-50,18 Wheeler: American Pro Trucker
MK-51081-50,Sega Extreme Sports
MK-51083-50,Sega Worldwide Soccer 2000: Euro Edition
MK-51092-50,Samba de Amigo
MK-51094-50,Virtua Athlete 2K
MK-51095-05,UEFA Dream Soccer
MK-51095-06,UEFA Dream Soccer
MK-51095-09,UEFA Dream Soccer
MK-51095-18,UEFA Dream Soccer
MK-51100-50,Phantasy Star Online
MK-51102-50,Outtrigger
MK-51114-50,Floigan Bros.: Episode 1
MK-51117-50,Sonic Adventure 2
MK-5111750,Sonic Adventure 2
MK-51125-50,Planet Ring
MK-51136-50,Crazy Taxi 2
MK-51149-50,Toy Racer
MK-51154-50,Fighting Vipers 2
MK-51160-50,Confidential Mission
MK-51178-50,NBA 2K2
MK-51184-50,Shenmue II (Disc 4)
MK-51186-50,Virtua Tennis 2: Sega Professional Tennis
MK-51190-50,90 Minutes: Sega Championship Football
MK-51192-50,Rez
MK-51193-50,Phantasy Star Online Ver. 2
MK-51225-50,Planet Ring
MK-54040-50,Buggy Heat
NGDT-DC-300J,Last Hope
PCCAX-10001,Checkicco no Miru CD
PICL-7501,dps: Heartbreak Diary
PT-45002D-18,Tom Clancy's Rainbow Six: Rogue Spear + Mission Pack: Urban Operations
RDXLE-JP,Redux: Dark Matters
RDXRE-JP,Redux: Dark Matters
RRRR-DX,Rush Rush Rally Racing
RRRR-RE,Rush Rush Rally Racing
SCLX-2004-(8848),09 Chairs
SDC-00000,Generator Vol. 1
SDC-51014,Sonic Adventure: Limited Edition
T-10001D-50,MTV Sports: Skateboarding featuring Andy Macdonald
T-10003D-50,WWF Royal Rumble
T-10003N,Evil Dead: Hail to the King
T-10004N,MTV Sports: Skateboarding featuring Andy Macdonald
T-10005D-05,Evil Dead: Hail to the King
T-10005D-80,Evil Dead: Hail to the King
T-10005N,WWF Royal Rumble
T-10301M,Jinsei Game for Dreamcast
T-11002N,Maximum Pool
T-11008N,Hoyle Casino
T-11011N,Who Wants to Beat Up a Millionaire
T-1101M,Psychic Force 2012
T-1102M,Densha de Go! 2: Kousoku-hen 3000 Bandai
T-1201M,Power Stone
T-1201N,Power Stone
T-1202M,Marvel vs. Capcom: Clash of Super Heroes
T-1202N,Marvel vs. Capcom: Clash of Super Heroes
T-1203M,Street Fighter Zero 3: Saikyo-ryu Dojo
T-1203N,Street Fighter Alpha 3
T-1204M,Star Gladiator 2: Nightmare of Bilstein
T-1204N,Resident Evil: Code: Veronica (Disc 2)
T-1205M,Jojo no Kimyou na Bouken: Mirai e no Isan
T-1205N,Resident Evil 2 (Disc 2)
T-1206M,Choukou Senki Kikaioh
T-1206N,JoJo's Bizarre Adventure
T-1207M,Biohazard: Code: Veronica (Disc 2)
T-1207N,Plasma Sword: Nightmare of Bilstein
T-1208M,GigaWing
T-1208N,Tech Romancer
T-1209M,Street Fighter III: 3rd Strike: Fight for the Future
T-1209N,GigaWing
T-1210M,Biohazard: Code: Veronica (Disc 2)
T-1210N,Street Fighter III: Double Impact
T-1211M,Street Fighter III: W Impact
T-1211N,Power Stone 2
T-1212M,GaiaMaster: Kessen! Seiki-ou Densetsu
T-1212N,Marvel vs. Capcom 2
T-1213M,Gunbird 2
T-1213N,Street Fighter III: 3rd Strike
T-1214M,Biohazard: Code: Veronica: Trial Edition
T-1214N,Gunbird 2
T-1215M,Marvel vs. Capcom 2: New Age of Heroes
T-1215N,Cannon Spike
T-1216M,Spawn: In the Demon's Hand
T-1216N,Spawn: In the Demon's Hand
T-1217M,Capcom vs. SNK: Millennium Fight 2000
T-1217N,Dino Crisis
T-1218M,Power Stone 2
T-1218N,Capcom vs. SNK
T-1219M,Gunspike
T-1219N,Project Justice
T-1220M,Dino Crisis
T-1220N,Resident Evil 3: Nemesis
T-1221M,Moero! Justice Gakuen
T-1221N,Mars Matrix
T-1222M,Biohazard 3: Last Escape
T-1222N,GigaWing 2
T-1223M,Eldorado Gate Dai-1-kan
T-1223N,Heavy Metal: Geomatrix
T-1224M,Eldorado Gate Dai-2-kan
T-1225M,Eldorado Gate Dai-3-kan
T-1226M,Eldorado Gate Dai-4-kan
T-1227M,Eldorado Gate Dai-5-kan
T-1228M,Eldorado Gate Dai-6-kan
T-1229M,Eldorado Gate Dai-7-kan
T-1230M,Street Fighter Zero 3: Saikyo-ryu Dojo for Matching Service
T-1231M,Jojo no Kimyou na Bouken: Mirai e no Isan for Matching Service
T-1232M,Choukou Senki Kikaioh for Matching Service
T-1233M,Tomb Raider IV: The Last Revelation
T-1234M,Net de Tennis
T-1235M,Vampire Chronicle for Matching Service
T-1236M,Super Street Fighter II X for Matching Service
T-1237M,Sydney 2000
T-1238M,Mars Matrix
T-1239M,GigaWing 2
T-1240M,Biohazard: Code: Veronica: Kanzenban (Disc 2)
T-1241M,Ultimate Fighting Championship
T-1243M,Bounty Hunter Sara: Holy Mountain no Teiou
T-1246M,Heavy Metal: Geomatrix
T-1247M,Capcom vs. SNK: Millennium Fight 2000 Pro
T-1248M,Taisen Net Gimmick: Capcom & Psikyo All Stars
T-1249M,Capcom vs. SNK 2: Millionaire Fighting 2001
T-12501D-50,MDK2
T-12502D-50,Caesars Palace 2000: Millennium Gold Edition
T-12502D-83,Caesars Palace 2000: Millennium Gold Edition
T-12502N,MDK2
T-12503D-50,Dragons Blood
T-12503N,Incoming
T-12504N,Caesars Palace 2000: Millennium Gold Edition
T-1250M,Super Puzzle Fighter II X for Matching Service
T-12511N,Super Runabout: San Francisco Edition
T-13001D-05,Blue Stinger
T-13001D-09,Blue Stinger
T-13001D-18,Blue Stinger
T-13001D-58,Blue Stinger
T-13001N,Blue Stinger
T-13002D-50,Vigilante 8: 2nd Offense
T-13002N,Vigilante 8: 2nd Offense
T-13003D-05,Disney/Pixar Toy Story 2: Buzz Lightyear to the Rescue!
T-13003D-09,Disney/Pixar Toy Story 2: Buzz l'Eclair à la Rescousse!
T-13003D-18,Disney/Pixar Toy Story 2: Buzz Lightyear eilt zur Hilfe!
T-13003N,Disney/Pixar Toy Story 2: Buzz Lightyear to the Rescue!
T-13004N,Cyber Troopers: Virtual-On: Oratorio Tangram
T-13005D-05,Disney/Pixar Buzz Lightyear of Star Command
T-13005D-09,Disney/Pixar Les Aventures de Buzz L'Éclair
T-13005D-18,Disney/Pixar Captain Buzz Lightyear: Star Command
T-13005N,Mat Hoffman's Pro BMX
T-13006D-50,Star Wars: Episode I: Racer
T-13006N,Tony Hawk's Pro Skater 2
T-13007N,Disney/Pixar Buzz Lightyear of Star Command
T-13008D-05,Tony Hawk's Pro Skater 2
T-13008D-18,Tony Hawk's Pro Skater 2
T-13008N,Spider-Man
T-13010D-50,Star Wars: Demolition
T-13011D-50,Spider-Man
T-1301M,Revive...: Sosei
T-13301M,Gundam Side Story 0079: Rise from the Ashes
T-13301N,Gundam Side Story 0079: Rise from the Ashes
T-13303M,Gundam Side Story 0079: Rise from the Ashes: Special Edition
T-13304M,Gundam Battle Online
T-13305M,Kidou Senshi Gundam: Gihren no Yabou: Zeon no Keifu (Disc 2) (Zeon Disc)
T-13306M,Kidou Senshi Gundam: Renpou vs. Zeon & DX (Disc 2) (Kidou Senshi Gundam: Renpou vs. Zeon DX)
T-13701N,TNN Motorsports Hardcore Heat
T-1401D-50,Soulcalibur
T-1401M,Soulcalibur
T-1401N,Soulcalibur
T-1402M,Mr. Driller
T-1402N,Mr. Driller
T-1403N,Namco Museum
T-1404N,Ms. Pac-Man Maze Madness
T-14301M,Kita e. White Illumination
T-14302M,Elemental Gimmick Gear
T-14303M,Super Producers: Mezase Show Biz Kai
T-14304M,Rune Jade
T-14305M,Denpa Shounen-teki Kenshou Seikatsu Soft: Nasubi no Heya
T-14306M,Kita e. Photo Memories
T-14307M,Typing of the Date
T-14401M,Maken X
T-14402M,deSPIRIA
T-15001M,Incoming: Jinrui Saishuu Kessen
T-15002M,Redline Racer
T-15003M,Seitai Heiki Expendable
T-15006M,Super Euro Soccer 2000
T-15101D-50,Millennium Soldier: Expendable
T-15102D-50,UEFA Striker
T-15102N,Test Drive 6
T-15103D-50,PenPen
T-15104D-50,Slave Zero
T-15104N,Expendable
T-15105D-50,V-Rally 2: Expert Edition
T-15105N,PenPen TriIcelon
T-15106D-50,Wacky Races
T-15106N,Slave Zero
T-15108D-50,Looney Tunes: Space Race
T-15108N,Silver
T-15109D-06,Silver
T-15109D-18,Silver
T-15109D-91,Silver
T-15109D-92,Silver
T-15110N,Test Drive V-Rally
T-15111D-50,Le Mans 24 Hours
T-15111N,Striker Pro 2000
T-15112D-05A,Alone in the Dark: The New Nightmare (Disc 1)
T-15112D-05B,Alone in the Dark: The New Nightmare (Disc 2)
T-15112D-09A,Alone in the Dark: The New Nightmare (Disc 1)
T-15112D-09B,Alone in the Dark: The New Nightmare (Disc 2)
T-15112D-18A,Alone in the Dark: The New Nightmare (Disc 1)
T-15112D-18B,Alone in the Dark: The New Nightmare (Disc 2)
T-15112N,Demolition Racer: No Exit
T-15112ND,Demolition Racer: No Exit
T-15113D-50,Unreal Tournament
T-15113N,Wacky Races
T-15116N,Looney Tunes: Space Race
T-15117N,Alone in the Dark: The New Nightmare (Disc 2)
T-15122N,The Ring: Terror's Realm
T-15123N,Test Drive Le Mans
T-15125N,Unreal Tournament
T-15126N,Xtreme Sports
T-15127N,Charge 'N Blast
T-15128N,Coaster Works
T-15129N,Iron Aces
T-15130N,Atari Anniversary Edition
T-16601M,Shin Honkaku Hanafuda
T-16603M,Cleopatra Fortune
T-16801M,Pro Mahjong Kiwame D
T-17001M,PenPen TriIcelon
T-17701D-50,Racing Simulation: Monaco Grand Prix
T-17701M,Monaco Grand Prix Racing Simulation 2
T-17701N,Monaco Grand Prix
T-17702D-50,Speed Devils
T-17702M,Speed Devils
T-17702N,Speed Devils
T-17703D-50,Suzuki Alstare: Extreme Racing
T-17703D-74,Suzuki Alstare: Extreme Racing
T-17703M,Rayman: Kaizokusen kara no Dasshutsu!
T-17703N,Suzuki Alstare: Extreme Racing
T-17704D-09A,Deep Fighter (Disc 1)
T-17704D-09B,Deep Fighter (Disc 2)
T-17704D-18A,Deep Fighter (Disc 1)
T-17704D-18B,Deep Fighter (Disc 2)
T-17704D-61A,Deep Fighter (Disc 1)
T-17704D-61B,Deep Fighter (Disc 2)
T-17704N,Rayman 2: The Great Escape
T-17705D-50,Evolution: The World of Sacred Device
T-17705N,Deep Fighter (Disc 2)
T-17706D-50,F1 Racing Championship
T-17706N,Evolution: The World of Sacred Device
T-17707D-50,Rayman 2: The Great Escape
T-17708D-09,Taxi 2: Le Jeu
T-17708N,Stupid Invaders (Disc 2)
T-17710D-50,POD 2: Multiplayer Online
T-17711D-09,Stupid Invaders (Disc 2)
T-17711D-71,Stupid Invaders (Disc 2)
T-17711N,Evolution 2: Far Off Promise
T-17713D-50,Speed Devils: Online Racing
T-17713N,POD: Speedzone
T-17714D-50,Disney's Donald Duck: Quack Attack
T-17715D-50,Grandia II
T-17716D-50,Dragon Riders: Chronicles of Pern
T-17716N,Grandia II
T-17717D-50,The Next Tetris
T-17717N,Disney's Dinosaur
T-17718D-50,Disney's Dinosaur
T-17718N,Speed Devils: Online Racing
T-17719N,Disney's Donald Duck: Goin' Quackers
T-17720N,Dragon Riders: Chronicles of Pern
T-17721D-50,Surf Rocket Racers
T-17721N,Conflict Zone
T-17722D-50,SnoCross Championship Racing
T-17723D-05,StarLancer
T-17726D-50,Soldier of Fortune
T-18701M,Nihon Pro Mahjong Renmei Kounin: Tetsuman Menkyokaiden
T-18702M,Miss Moonlight
T-18704M,Yoshia no Oka de Nekoronde...
T-18705M,After... Wasureenu Kizuna
T-18706M,After... Wasureenu Kizuna
T-18707M,Orange Pocket: Cornet
T-18709M,Patissier na Nyanko: Hatsukoi wa Ichigo Aji
T-18710M,Patissier na Nyanko: Hatsukoi wa Ichigo Aji
T-18712M,Angel Wish: Kimi no Egao ni Chu!
T-18801M,Jissen Pachi-Slot Hisshouhou! @ VP@CHI: Kongdom
T-18804M,Fire Pro Wrestling D
T-19501M,"Pocke-Kano: Yumi, Shizuka, Fumio"
T-19502M,Roommate Novel: Satou Yuka
T-19503M,Happy Lesson
T-19504M,Happy Lesson: First Lesson
T-19505M,Inoue Ryouko: Roommate
T-19506M,Inoue Ryouko: Last Scene
T-19508M,Roommate Asami: Okusama wa Joshikousei: Director's Edition
T-19701M,Treasure Strike
T-19702M,Memories Off Complete
T-19703M,Never 7: The End of Infinity
T-19704M,Close To: Inori no Oka
T-19705M,Yume no Tsubasa: Fate of Heart
T-19708M,Memories Off 2nd: Making Disc
T-19710M,Tentama: 1st Sunny Side
T-19711M,Prism Heart: Gaiden Disc: Ken ni Kometa Omoi
T-19713M,Milky Season
T-19714M,My Merry May
T-19716M,Ever 17: The Out of Infinity
T-19717M,"Boku to, Bokura no Natsu"
T-19718M,Omoide ni Kawaru Kimi: Memories Off
T-19719M,My Merry Maybe (Disc 2)
T-19720M,Erde: Nezu no Ki no Shita de
T-19722M,Iris
T-19723M,Remember 11: The Age of Infinity: Promotion Disc
T-19724M,Pizzicato Polka: Ensa Gen'ya
T-19725M,Suigetsu: Mayoigokoro (Disc 2)
T-20101M,Black/Matrix Advanced (Disc 2)
T-20103M,Mercurius Pretty: End of the Century
T-20104M,Sentimental Graffiti 2 (Disc 2)
T-20105M,Kanon
T-20106M,Harusame Youbi
T-20107M,Angel Present
T-20108M,Canvas: Sepia Iro no Motif
T-20109M,Pia Carrot e Youkoso!! 2.5 (Disc 2) (Pia Carrot e Youkoso!! 2.2)
T-20110M,Pia Carrot e Youkoso!! 3
T-20111M,Canary: Kono Omoi o Uta ni Nosete
T-20112M,Air
T-20113M,Dousoukai 2: Again & Refrain
T-20114M,Mizuiro
T-20115M,Mizuiro
T-20116M,Elysion: Eien no Sanctuary
T-20117M,Interlude
T-20119M,Pandora no Yume
T-20120M,Pandora no Yume
T-20121M,Pia Carrot e Youkoso!! 2.5 (Disc 1) (Pia Carrot e Youkoso!! 2)
T-20123M,Shirotsumesouwa: Episode of the Clovers
T-20124M,Majo no Ocha-kai
T-20125M,Shirotsumesouwa: Episode of the Clovers
T-20126M,Majo no Ocha-kai
T-20127M,Interlude
T-20128M,Sentimental Graffiti: Yakusoku
T-20131M,Aikagi: Hidamari to Kanojo no Heyagi
T-20132M,Snow
T-20133M,Tamakyuu
T-20401M,Zero Gunner 2
T-20501M,Pachi-Slot Teiou: Dream Slot: Heiwa SP
T-20502M,Pachi-Slot Teiou: Dream Slot: Olympia SP
T-20601M,Tokusatsu Bouken Katsugeki Super Hero Retsuden
T-20602M,Super Robot Taisen Alpha
T-20801M,Tetris 4D
T-2101M,Berserk: Millennium Falcon-hen: Wasurebana no Shou
T-2102M,Panzer Front
T-2106M,L.O.L.: Lack of Love
T-21501M,Macross M3
T-21502M,Macross M3
T-22001M,Tanaka Torahiko no Ultra-ryuu Shougi: Ibisha Anaguma-hen
T-22002M,Prismaticallization
T-2201M,Marionette Handler
T-2202M,Heisei Mahjong-sou
T-2204M,Marionette Handler 2
T-22101M,Super Runabout
T-22102M,Super Runabout: San Francisco Edition
T-22901D-50,Roadsters
T-22901N,Roadsters
T-22902D-50,Kao the Kangaroo
T-22903D-50,Exhibition of Speed
T-22903N,Kao the Kangaroo
T-22904D-50,Stunt GP
T-22904N,Worms World Party
T-23001N,Star Wars: Episode I: Racer
T-23002D-50,Star Wars: Episode I: Jedi Power Battles
T-23002N,Star Wars: Episode I: Jedi Power Battles
T-23003N,Star Wars: Demolition
T-23201M,Death Crimson 2
T-23202M,Death Crimson OX
T-23203M,Musapey's Choco Marker
T-23204M,Blue-Sky-Blue[s]: Sora o Mau Tsubasa
T-23206M,Utau: Tumbling Dice
T-23207M,Utau: Tumbling Dice
T-2401M,Guilty Gear X
T-2401N,Death Crimson OX
T-2402M,Guilty Gear X
T-2501M,Langrisser Millennium
T-27801M,Yuukyuu Gensoukyoku 3: Perpetual Blue
T-27802M,Sister Princess: Premium Edition (Disc 2)
T-27901M,Kidou Senkan Nadesico: Nadesico the Mission
T-27902M,The Ring
T-27903M,Record of Lodoss War: The Advent of Cardice
T-28202M,Shin Nihon Pro Wrestling: Toukon Retsuden 4
T-29101M,Triggerheart Exelica
T-29102M,Triggerheart Exelica
T-30001M,Real Sound: Kaze no Regret (Disc 2)
T-30004M,D2: D no Shokutaku 2 (Disc 4)
T-30006M,D2: D no Shokutaku 2 (Disc 1)
T-3001D-50,F1 World Grand Prix
T-3001M,F1 World Grand Prix for Dreamcast
T-3002D-50,F1 World Grand Prix II for Dreamcast
T-3002M,F1 World Grand Prix II for Dreamcast
T-30701D-50,Pro Pinball Trilogy
T-30801M,Shutokou Battle
T-30802M,Super Magnetic Niuniu
T-30803M,Shutokou Battle 2
T-3101M,The King of Fighters: Dream Match 1999
T-3101N,The King of Fighters: Dream Match 1999
T-3102M,The King of Fighters '99: Evolution
T-3103M,Twinkle Star Sprites
T-3106M,Cool Cool Toon
T-3107M,Bakumatsu Roman Daini Maku: Gekka no Kenshi: Final Edition
T-3108M,Garou: Mark of the Wolves
T-31101N,Psychic Force 2012
T-31901N,Internet Browser V3.0 for Dreamcast
T-32801M,O-to-i-re: Dreamcast Sequencer
T-34101M,Animastar
T-34201M,Frame Gride
T-35101M,Shin Seiki Evangelion: Typing E Keikaku
T-35102M,Shin Seiki Evangelion: Typing Hokan Keikaku
T-35401M,July
T-35402M,Tokyo Bus Guide
T-35403M,Tsuushin Taisen Logic Battle Daisessen
T-35404M,Tokyo Bus Guide: Bijin Bus Guide Tenjou Disc
T-35405M,Weakness Hero Torauman DC (Game Disc)
T-3601M,Dead or Alive 2
T-3601N,Dead or Alive 2
T-3601ND,Dead or Alive 2
T-3602M,Dead or Alive 2
T-36501M,Vigilante 8: 2nd Battle
T-36701M,Kuon no Kizuna: Sairinshou
T-36702M,Missing Parts: The Tantei Stories
T-36703M,Missing Parts 2: The Tantei Stories
T-36704M,Missing Parts 3: The Tantei Stories
T-36801D-50,Power Stone
T-36801N,Fighting Force 2
T-36802D-05,Fighting Force 2
T-36802D-18,Fighting Force 2
T-36802N,Legacy of Kain: Soul Reaver
T-36803D-05,Legacy of Kain: Soul Reaver
T-36803D-06,Legacy of Kain: Soul Reaver
T-36803D-09,Legacy of Kain: Soul Reaver
T-36803D-13,Legacy of Kain: Soul Reaver
T-36803D-18,Legacy of Kain: Soul Reaver
T-36803N,Disney's 102 Dalmatians: Puppies to the Rescue
T-36804D-05,Tomb Raider: The Last Revelation
T-36804D-06,Tomb Raider: The Last Revelation
T-36804D-09,Tomb Raider: La Révélation Finale
T-36804D-13,Tomb Raider: The Last Revelation
T-36804D-18,Tomb Raider IV: The Last Revelation
T-36804N,Walt Disney World Quest: Magical Racing Tour
T-36805D-09,The Nomad Soul
T-36805D-18,The Nomad Soul
T-36805D-61,The Nomad Soul
T-36805N,Sword of the Berserk: Guts' Rage
T-36806D-05,Resident Evil: Code: Veronica (Disc 2)
T-36806D-06,Resident Evil: Code: Veronica (Disc 2)
T-36806D-09,Resident Evil: Code: Veronica (Disc 2)
T-36806D-18,Resident Evil: Code: Veronica (Disc 2)
T-36806N,Tomb Raider: The Last Revelation
T-36807D-50,Sword of the Berserk: Guts' Rage
T-36807N,Omikron: The Nomad Soul
T-36808D-03,Sydney 2000
T-36808D-05,Sydney 2000
T-36808D-06,Sydney 2000
T-36808D-09,Sydney 2000
T-36808D-13,Sydney 2000
T-36808D-18,Sydney 2000
T-36808N,Sydney 2000
T-36809D-50,Walt Disney World Quest: Magical Racing Tour
T-36810D-50,Urban Chaos
T-36810N,Urban Chaos
T-36811D-05,Who Wants to Be a Millionaire
T-36811D-09,Qui Veut Gagner des Millions?
T-36811N,Chicken Run
T-36812D-50,Power Stone 2
T-36812D-61,Power Stone 2
T-36812N,Tomb Raider Chronicles
T-36813D-05,102 Dalmatians: Puppies to the Rescue
T-36813D-50,Disney's 102 Dalmatians: Puppies to the Rescue
T-36814D-05,Chicken Run
T-36814D-87,Chicken Run
T-36815D-05,Tomb Raider Chronicles
T-36815D-06,Tomb Raider Chronicles
T-36815D-09,Tomb Raider: Sur les Traces de Lara Croft
T-36815D-13,Tomb Raider Chronicles: La Leggenda di Lara Croft
T-36815D-18,Tomb Raider: Die Chronik
T-36816D-50,Spawn: In the Demon's Hand
T-36901M,Cool Boarders Burrrn!
T-36902M,Cool Boarders Burrrn!
T-37001M,Digital Keiba Shinbun: My Trackman
T-37901M,Plus Plumb
T-37903M,Net de Para
T-37904M,Fragrance Tale
T-37907M,Yukigatari
T-37908M,For Symphony: With All One's Heart
T-37910M,Kaitou Apricot
T-37911M,Sweet Season
T-37912M,Cherry Blossom
T-38301M,Comic Party (Disc 2)
T-38302M,Comic Party (Disc 2)
T-38701M,Shinki Sekai Evolution
T-38702M,Bakuretsu Muteki Bangaioh
T-38703M,Shinki Sekai Evolution 2: Tooi Yakusoku
T-38704M,Ouka Houshin: Ouka Sakishi Toki
T-38706M,Ikaruga
T-38801M,Sengoku Turb
T-38802M,Seventh Cross
T-38804M,Espion-Age-nts
T-38805M,Sengoku Turb: Fanfan I Love Me Dunce-doublentendre
T-39001M,UnderCover AD2025 Kei
T-39101M,Morita no Saikyou Shougi
T-39102M,Morita no Saikyou Reversi
T-39206M,Doricatch: FunCargo
T-39401M,Kindan no Pet: Seaman: Gassé Hakase no Jikken-tou
T-39402M,Kindan no Pet: Seaman: Gassé Hakase no Jikken-tou
T-39403M,Christmas Seaman: Omoi o Tsutaeru Mou Hitotsu no Houhou (Present Disc)
T-39405M,Kindan no Pet: Seaman: Gassé Hakase no Jikken-tou
T-39501M,Web Mystery: Yochimu o Miru Neko (Disc 2)
T-39601M,Soukou no Kihei: Space Griffon
T-39701M,Sekai Fushigi Hakken! Troia
T-39801M,Kitahei Gold
T-39802M,Eve Zero Kanzenban: Ark of the Matter (Disc 2)
T-40001M,Rune Caster
T-40101M,Yume Baken '99: Internet
T-40201D-50,Tokyo Highway Challenge
T-40201N,AeroWings
T-40202D-50,AeroWings
T-40202N,Tokyo Xtreme Racer
T-40203D-50,Ultimate Fighting Championship
T-40203N,Draconus: Cult of the Wyrm
T-40204D-50,Tony Hawk's Skateboarding
T-40204N,Ultimate Fighting Championship
T-40204ND,Ultimate Fighting Championship
T-40205N,Tony Hawk's Pro Skater
T-40206D-50,Super Magnetic Neo
T-40206N,Super Magnetic Neo
T-40206ND,Super Magnetic Neo
T-40207D-50,MagForce Racing
T-40207N,SnoCross Championship Racing
T-40208N,MagForce Racing
T-40209D-50,AeroWings 2: Airstrike
T-40209N,StarLancer
T-40210D-50,Tokyo Highway Challenge 2
T-40210N,AeroWings 2: Airstrike
T-40211N,Tokyo Xtreme Racer 2
T-40212N,Soldier of Fortune
T-40214D-50,Freestyle Scooter
T-40214N,The Next Tetris: On-Line Edition
T-40215N,Red Dog: Superior Firepower
T-40216N,Surf Rocket Racers
T-40217N,Bangai-O
T-40218N,Record of Lodoss War
T-40219N,Razor Freestyle Scooter
T-40301N,Armada
T-40401N,Tom Clancy's Rainbow Six with Eagle Watch Missions
T-40402N,Tom Clancy's Rainbow Six: Rogue Spear + Mission Pack: Urban Operations
T-40403N,Q*bert
T-40501D-50,Wild Metal
T-40502D-09,Grand Theft Auto 2
T-40502D-18,Grand Theft Auto 2
T-40502N,Hidden & Dangerous
T-40503D-50,Hidden & Dangerous
T-40504D-50,Wetrix+
T-40505D-50,Railroad Tycoon II
T-40506D-50,KISS Psycho Circus: The Nightmare Child
T-40508D-50,MoHo
T-40509D50,Aqua GT
T-40601D-50,Worms Armageddon
T-40601N,Worms Armageddon
T-40602N,Centipede
T-40604N,Frogger 2: Swampy's Revenge
T-40701D-50,Incoming
T-40801M,Dengen Tenshi Taisen Mahjong Shangri-La
T-40802M,Sakura Momoko Gekijou: Coji-Coji
T-40803M,Dengen Tenshi Taisen Mahjong Shangri-La
T-40901M,Golf Shiyou yo
T-40902M,Jet Coaster Dream
T-40904M,Golf Shiyou yo: Course Data-shuu: Adventure-hen
T-41002M,Neppachi: 10-ren Chan de Las Vegas Ryokou
T-41003M,Neppachi II: CR Harenchi Gakuen
T-41004M,Neppachi III: CR Dokonjou Gaeru 2: CR Dokonjou Gaeru H
T-41005M,Neppachi IV: CR Aa!! Hana no Ouendan 3
T-41006M,Neppachi V: CR Monster House
T-41007M,Neppachi VI: CR Otakara Tankentai
T-41101M,Sunrise Eiyuutan
T-41201M,Jet Coaster Dream 2
T-41202M,Boku no Tennis Jinsei
T-41301N,Seventh Cross Evolution
T-41302N,Industrial Spy: Operation Espionage
T-41401D-50,Soul Fighter
T-41401N,Soul Fighter
T-41402D-50,Championship Surfer
T-41402N,Max Steel: Covert Missions
T-41403N,Championship Surfer
T-41405N,Prince of Persia: Arabian Nights
T-41501M,Golem no Maigo
T-41601N,Elemental Gimmick Gear
T-41704N,Spec Ops II: Omega Squad
T-41801M,BikkuriMan 2000: Viva! Festiva!
T-41802M,Boku Doraemon
T-41901N,KISS Psycho Circus: The Nightmare Child
T-41902N,Railroad Tycoon II
T-41903N,4x4 Evo
T-42001M,R7: Regulation #7
T-42101N,Wild Metal
T-42102N,Grand Theft Auto 2
T-42201M,Seireiki Rayblade
T-42301M,Puzzle Bobble 4
T-42401M,Lake Masters Pro: Dreamcast Plus!
T-42501M,JRA PAT for Dreamcast V40 L12
T-42802M,Kaen Seibo: The Virgin on Megiddo (Disc 2)
T-42903M,Bomber Hehhe!
T-42904M,Bokomu no Tatsujin
T-43301M,Zusar Vasar
T-43401M,Jahmong
T-43403M,The Shinri Game
T-43501M,Imperial no Taka: Fighter of Zero
T-43801M,Battle Beaster
T-43903M,Culdcept II
T-4401M,Maboroshi Tsukiyo
T-4402M,Charge 'N Blast
T-44102N,Bang! Gunship Elite
T-44301N,Virtua Athlete 2000
T-44302N,The King of Fighters: Evolution
T-44303N,Reel Fishing | Wild
T-44304N,Sports Jam
T-44305N,The Last Blade 2: Heart of the Samurai
T-44306N,Fatal Fury: Mark of the Wolves
T-44401M,Tantei Shinshi Dash!
T-44403M,Tantei Shinshi Dash!
T-44404M,Exodus Guilty Neos
T-44405M,Card of Destiny: Hikari to Yami no Tougousha
T-44501M,Golf Shiyou yo 2: Aratanaru Chousen
T-44502M,Nishikaze no Rhapsody: The Rhapsody of Zephyr
T-44601M,Dejiko no Maibura
T-44701M,Marie & Elie no Atelier: Salburg no Renkinjutsushi 1 & 2 (Omake Disc)
T-44702M,Nakoruru: Ano Hito kara no Okurimono
T-44801M,Princess Maker Collection
T-44901D-50,Carrier
T-44902D-50,Charge 'N Blast
T-44903D-50,Coaster Works
T-44904D-50,Iron Aces
T-45001D-05,Tom Clancy's Rainbow Six incl. Eagle Watch Missions
T-45001D-09,Tom Clancy's Rainbow Six incl. Eagle Watch Missions
T-45001D-18,Tom Clancy's Rainbow Six incl. Eagle Watch Missions
T-45002D-05,Tom Clancy's Rainbow Six: Rogue Spear + Mission Pack: Urban Operations
T-45002D-09,Tom Clancy's Rainbow Six: Rogue Spear + Mission Pack: Urban Operations
T-45004D-50,Spec Ops II: Omega Squad
T-45005D-50,Evolution 2: Far Off Promise
T-45006D-50,Racing Simulation 2: Monaco Grand Prix On-Line
T-4502M,Grandia II
T-4503M,Grandia II
T-45101M,WWF Royal Rumble
T-45401D-50,GK: Giant Killers
T-45501M,Es (Disc 3)
T-45601M,Illbleed
T-45601M-11,Illbleed
T-45701M,Net Versus: Mahjong
T-45702M,Net Versus: Shougi
T-45703M,Net Versus: Igo
T-45704M,Net Versus: Hanafuda
T-45705M,Net Versus: Gomoku Narabe to Renju
T-45706M,Net Versus: Chess
T-45707M,Net Versus: Reversi
T-45801M,CR Hissatsu Shigotonin: Pachitte Chonmage @ VP@CHI
T-46001N,Illbleed
T-46101M,Himitsu: Yui ga Ita Natsu
T-46202M,Run=Dim as Black Soul
T-46301M,Di Gi Charat Fantasy
T-46302M,Di Gi Charat Fantasy
T-46303M,Shin Seiki Evangelion: Ayanami Ikusei Keikaku
T-46304M,First Kiss Story II: Anata ga Iru kara (Disc 2)
T-46305M,First Kiss Story II: Anata ga Iru kara (Disc 2)
T-46502M,D+Vine [Luv]
T-46504M,21: Two One
T-46505M,Nijuuei
T-46506M,Metal Wolf
T-46508M,Suika
T-46509M,Suika
T-46510M,Mei Puru
T-46512M,Happy Breeding
T-46513M,Cafe Little Wish
T-46514M,Margi: Marginal
T-46515M,Moekan
T-46516M,"Tenohira o, Taiyou ni"
T-46601D-50,Cannon Spike
T-46602D-50,Heavy Metal: Geomatrix
T-46603D-50,Conflict Zone
T-46603D-71,Conflict Zone
T-46604D-50,Freestyle Scooter
T-46605D-71,Evil Twin: Cyprien's Chronicles
T-46605D-80,Evil Twin: Cyprien's Chronicles
T-46701M,Doki Doki Idol Star Seeker Remix
T-46702M,Border Down
T-46703M,Border Down
T-46704M,Under Defeat
T-46705M,Under Defeat
T-46901M,Castle Fantasia: Seima Taisen
T-46902M,Izumo
T-47102M,Kimi ga Nozomu Eien
T-47103M,Wind: A Breath of Heart
T-47105M,Princess Holiday: Korogaru Ringo Tei Sen'ya Ichiya
T-47107M,"Chocolat: Maid Cafe ""Curio"""
T-47109M,Tsuki wa Higashi ni Hi wa Nishi ni: Operation Sanctuary
T-47110M,Baldr Force EXE
T-47301M,Bakumatsu Roman Daini Maku: Gekka no Kenshi: Final Edition
T-47302M,Garou: Mark of the Wolves
T-47303M,The King of Fighters 2000
T-47304M,The King of Fighters 2001
T-47305M,The King of Fighters 2002
T-47401M,Simple 2000 Series DC Vol. 01: Bittersweet Fools: The Ren'ai Adventure
T-47402M,Simple 2000 Series DC Vol. 03: Fureai: The Ren'ai Simulation
T-47403M,Simple 2000 Series DC Vol. 04: Okaeri! The Ren'ai Adventure
T-47404M,Simple 2000 Series DC Vol. 02: Natsuiro Celebration: The Ren'ai Simulation
T-47501M,Kaze no Uta
T-47602M,Ren'ai Chu! Happy Perfect
T-47701M,Shikigami no Shiro II
T-47702M,Shikigami no Shiro II
T-47801M,Chaos Field
T-47802M,Radirgy
T-47803M,Karous
T-47901M,Trizeal
T-5201M,Marionette Company
T-5203M,Marionette Company 2 Chu!
T-5204M,Tako no Marine
T-5205M,Pachinko no Dendou: CR Nanasy
T-5301M,World Neverland Plus: The Olerud Kingdom Stories
T-5302M,Vermilion Desert
T-5303M,World Neverland 2 Plus: The Waktic Republic of Pluto
T-5701M,Carrier
T-5701N,Carrier
T-5703M,Idol Janshi o Tsukucchaou
T-574276,Pier Solar and the Great Architects
T-5801M,Bass Rush Dream: EcoGear PowerWorm Championship
T-6601M,Puyo Puyo Da! Featuring Ellena System
T-6801M,Buggy Heat
T-6802M,Aero Dancing featuring Blue Impulse
T-6803M,Aero Dancing: Todoroki Taichou no Himitsu Disc
T-6804M,Aero Dancing F
T-6805M,Aero Dancing F: Todoroki Tsubasa no Hatsu Hikou
T-6806M,Power Jet Racing 2001
T-6807M,Aero Dancing i
T-6808M,Aero Dancing F
T-6809M,Aero Dancing i: Jikai-saku made Matemasen
T-7001D-50,Jimmy White's 2: Cueball
T-7002D-50,Marvel vs. Capcom: Clash of Super Heroes
T-7003D-50,Plasma Sword: Nightmare of Bilstein
T-7004D-61,Resident Evil 2 (Disc 2)
T-7004D-82,Resident Evil 2 (Disc 2)
T-7005D-50,Street Fighter Alpha 3
T-7006D-50,Street Fighter III: Double Impact
T-7007D-50,JoJo's Bizarre Adventure
T-7008D-50,GigaWing
T-7009D-50,Tech Romancer
T-7010D-50,Marvel vs. Capcom 2: New Age of Heroes
T-7011D-50,Bangai-O
T-7012D-05,Record of Lodoss War
T-7012D-09,Record of Lodoss War
T-7012D-18,Record of Lodoss War
T-7013D-50,Street Fighter III: 3rd Strike
T-7014D-50,Super Runabout: San Francisco Edition
T-7015D-50,European Super League
T-7016D-50,Worms World Party
T-7017D-50,Capcom vs. SNK
T-7018D-50,Gunbird 2
T-7019D,Dino Crisis
T-7019D-06,Dino Crisis
T-7019D-09,Dino Crisis
T-7019D-13,Dino Crisis
T-7019D-18,Dino Crisis
T-7020D-50,Mr. Driller
T-7021D-05,Resident Evil 3: Nemesis
T-7021D-18,Resident Evil 3: Nemesis
T-7021D-56,Resident Evil 3: Nemesis
T-7021D-72,Resident Evil 3: Nemesis
T-7022D-50,Project Justice: Rival Schools 2
T-7601M,Mahjong Taikai II Special
T-7602M,Nobunaga no Yabou: Shouseiroku with Power-Up Kit
T-7603M,Sangokushi VI
T-7604M,Nanatsu no Hikan: Senritsu no Bishou
T-7605M,Nobunaga no Yabou: Reppuuden
T-7606M,Winning Post 4: Program 2000
T-7607M,Sangokushi VI with Power-Up Kit
T-8101D-18,TrickStyle
T-8101D-50,TrickStyle
T-8101M,Re-Volt
T-8101N,NFL Quarterback Club 2000
T-8102D-18,NFL Quarterback Club 2000
T-8102D-50,NFL Quarterback Club 2000
T-8102M,Spirit of Speed 1937
T-8102N,TrickStyle
T-8103D-18,WWF Attitude
T-8103D-50,WWF Attitude
T-8103N,WWF Attitude
T-8104D-18,Shadow Man
T-8104D-50,Shadow Man
T-8104N,Jeremy McGrath Supercross 2000
T-8105D-50,South Park: Chef's Luv Shack
T-8105N,South Park: Chef's Luv Shack
T-8106D-50,Psychic Force 2012
T-8106N,Shadow Man
T-8107D-50,Re-Volt
T-8107N,Fur Fighters
T-8108D-50,Tee Off
T-8108N,Tee Off
T-8109D-50,Bust-A-Move 4
T-8109N,Re-Volt
T-8110D-50,Vanishing Point
T-8110N,Vanishing Point
T-8111D-05,ECW Hardcore Revolution
T-8111N,Wetrix+
T-8112D-50,South Park Rally
T-8112N,ECW Hardcore Revolution
T-8113D-50,Fur Fighters
T-8113N,Ducati World: Racing Challenge
T-8114D-50,Jeremy McGrath Supercross 2000
T-8114N,ECW Anarchy Rulz
T-8115N,NFL QB Club 2001
T-8116D-05,ECW Hardcore Revolution
T-8116D-50,Dead or Alive 2
T-8116N,South Park Rally
T-8117D-50,Spirit of Speed 1937
T-8117N,Bust-A-Move 4
T-8118D-50,F355 Challenge: Passione Rossa
T-8118N,Spirit of Speed 1937
T-8119D-50,ECW Anarchy Rulz
T-8119D-59,ECW Anarchy Rulz
T-8119N,F355 Challenge: Passione Rossa
T-8120D-18,Dave Mirra Freestyle BMX
T-8120D-50,Dave Mirra Freestyle BMX
T-8120N,Dave Mirra Freestyle BMX
T-8121D-50,Ducati World
T-9101M,Doguu Senki: Haou
T-9102M,Sorcerian: Shichisei Mahou no Shito
T-9104M,Tricolore Crise
T-9105M,Fish Eyes | Wild
T-9501D-50,Deadly Skies
T-9501M,Pop'n Music
T-9501N,AirForce Delta
T-9502D-50,Nightmare Creatures II
T-9502D-76,Nightmare Creatures II
T-9502M,AirForce Delta
T-9503D-50,The Grinch
T-9503M,Eisei Meijin III: Game Creator Yoshimura Nobuhiro no Zunou
T-9503N,ESPN NBA 2Night
T-9504D-50,ESPN International Track & Field
T-9504M,Dancing Blade Katte ni Momotenshi! Kanzenban (Disc 2)
T-9504N,Nightmare Creatures II
T-9505D-50,Silent Scope
T-9505M,Dancing Blade Katte ni Momotenshi II: Tears of Eden Kanzenban (Disc 2)
T-9506M,Dance Dance Revolution 2nd Mix: Dreamcast Edition
T-9507M,Jikkyou Powerful Pro Yakyuu: Dreamcast Edition
T-9507N,Silent Scope
T-9508M,Dance Dance Revolution: Club Version: Dreamcast Edition
T-9509N,ESPN International Track & Field
T-9511M,Ganbare! Nippon! Olympic 2000
T-9512N,The Grinch
T-9513M,Silent Scope
T-9590M,Pop'n Music 2
T-9591M,Pop'n Music 3: Append Disc
T-9592M,Pop'n Music 4: Append Disc
T-9701D-50,Mortal Kombat Gold
T-9701D-61,Mortal Kombat Gold
T-9701N,Mortal Kombat Gold
T-9702D-50,Hydro Thunder
T-9702D-51,Hydro Thunder
T-9702N,Hydro Thunder
T-9703D-50,NFL Blitz 2000
T-9703N,NFL Blitz 2000
T-9704D-05,Ready 2 Rumble Boxing
T-9704D-50,Ready 2 Rumble Boxing
T-9704N,Ready 2 Rumble Boxing
T-9705D-50,NBA Showtime: NBA on NBC
T-9706D-50,4 Wheel Thunder
T-9706N,NBA Showtime: NBA on NBC
T-9707D-50,Gauntlet Legends
T-9707N,San Francisco Rush 2049
T-9707ND,San Francisco Rush 2049
T-9708D-50,Army Men: Sarge's Heroes
T-9708N,4 Wheel Thunder
T-9709D-50,San Francisco Rush 2049
T-9709N,NBA Hoopz
T-9710D-50,Midway's Greatest Arcade Hits: Volume 1
T-9710N,Gauntlet Legends
T-9711D-50,Ready 2 Rumble Boxing: Round 2
T-9712N,NFL Blitz 2001
T-9713D-50,NBA Hoopz
T-9713N,Midway's Greatest Arcade Hits: Volume 1
T-9714N,Midway's Greatest Arcade Hits: Volume 2
T-9715N,Army Men: Sarge's Heroes
T-9715ND,Army Men: Sarge's Heroes
T-9717N,Ready 2 Rumble Boxing: Round 2
T-9901M,Rainbow Cotton
T-9902M,Shanghai: Dynasty
T-9904M,Neo Golden Logres
T-9905M,Konohana: True Report
T-9906M,Konohana 2: Todokanai Requiem
T-9907M,Psyvariar 2: The Will to Fabricate
TGBLE-JP,Ghost Blade
WG-21021-EU,Rush Rush Rally Reloaded
WPCV-10045,Himitsu: Original Sound Track
YW-015DC,Wind and Water: Puzzle Battles
ZMCZ-656,Kita e. White Illumination: Pure Songs and Pictures
